"","PC1","PC2","PC3","PC4","PC5","PC6","PC7","PC8","PC9","PC10","PC11","PC12","PC13","PC14","PC15","PC16"
"20200123_M4_A007_13_48_37_0002",-0.0671657308074302,-0.0948129860180002,0.0159732726650776,-0.0169001355103048,0.0316068160903631,0.0402708208870277,0.00957787474515465,-0.0170654191511894,0.00539945240215,0.00229467060803238,0.0142084766617816,-0.00866519676547921,0.0064678511144491,0.00965759735769282,-0.00778020619002659,0.00353346004162437
"20200123_M4_A007_13_48_37_0004",-0.0354892878507191,-0.0752153026295387,0.0293634910650011,-0.0106725121181238,0.0324926017365316,-0.0180077508467584,-0.0217017498807662,-0.00746975114157314,0.0183321713763346,-0.0115387581645395,-0.0148765062863182,0.00138306061780809,-0.00487751810004767,0.00577428929150094,0.00465554394011652,-0.00970695846920586
"20200123_M4_A007_13_48_37_0006",-0.0762741114448961,-0.0783775148342415,0.00626331132578617,-0.00452580909368957,0.0342540531822135,0.0282375141321942,0.0256443870307274,-0.00221842048660217,0.00188949069577159,-0.00377407041263919,0.0203552426523722,-0.0195369794544134,0.0140441235750425,0.00719057460150503,-0.00650890489230611,0.010822957413208
"20200123_M4_A007_13_48_37_0008",-0.0357483533776715,-0.08015740894408,0.0307813294225851,-0.00982217970226315,0.0206658936913676,-0.0105339962403471,-0.00723271213083698,0.00162967749525048,0.0016706640177765,-0.00443216240673442,-0.00229887872441317,-0.0067336751251618,0.00103349009514689,-0.00192917084125868,0.000765818953810942,-0.00201460645022969
"20200123_M4_A007_13_48_37_0010",0.00854026446542249,-0.0763916423509447,0.0547403993340525,-0.00937177223095941,0.0365973086063876,-0.0192862210497784,-0.0181231862581847,-0.0166119349638135,0.00631242027747732,-0.00253689668362604,-0.0121380531981486,0.00499853403915133,-0.01295237999736,-0.00518170116793112,-0.00254412335548067,0.00260841708717073
"20200123_M4_A_13_28_24_0002",-0.0564797525366055,-0.0745663684881735,0.0289282674080772,0.00421137831171054,0.0176987811825769,0.0155861719448946,-0.00339501433659125,0.00379526449010937,-0.00268442793151302,-0.016515926575947,-0.00440910539757226,-0.0115417393004692,0.00564214398198446,0.000453845928116721,-0.0027998596322566,0.00378559995777927
"20200123_M4_A_13_28_24_0004",-0.0393659027300816,-0.0611967540865381,0.00970298001031614,-0.00435772326346844,0.035732229550142,0.00736197832530352,-0.0243445031970249,-0.00701664964526786,-0.000447401158568666,-0.0165413151671743,-0.00357713873461955,-0.00517166931409538,0.00787461494730406,-0.00687220745508196,-0.00283793111196123,0.00651212715481454
"20200123_M4_A_13_28_24_0006",-0.015771612713032,-0.0993043729784731,0.0704437796266501,-0.00742859003799736,0.0329166782749565,-0.00802080805495944,-0.00804463785837344,-0.00544634842383731,0.00185638879450666,0.00633662868910789,-0.000420700546051034,-0.00394395473311934,0.00378305388526907,-0.00584603137700442,-0.000770972497204319,0.0142256078316744
"20200123_M4_B_13_33_58_0002",-0.0422245879357338,-0.0579622447217719,0.0104923073137462,0.00492320005788713,0.0398274677088547,-0.020400016022958,-0.0105804661418827,-0.0411563300306161,0.0214066234125701,-0.000492206828115931,-0.00224982552163128,0.000566340419416836,-0.000301884905438356,0.00905787526382344,0.0114998220936105,-0.00160188150753641
"20200123_M4_B_13_33_58_0004",-0.0263866957103599,-0.0849304218147098,0.0314039348598161,-0.0105962644051181,0.0388591705314744,0.0256550126828463,0.0309665182968524,-0.0219090203301434,0.0121471206891871,-0.0130419940502044,0.00239366154760801,-0.00165525263210133,0.0193223405516566,0.0130011501428712,-0.0116872506662767,0.00322571698387989
"20200123_M4_C_13_36_06_0002",-0.0590814651953601,-0.0385676909553194,-0.00906117587890076,0.0183921116408014,0.0129918642658419,0.0429359243684911,0.00515336781937397,-0.0145738072200275,0.0117094545265315,0.00586471797078673,0.0120425647915802,-0.0238753247715842,0.00141788244106077,0.00895032798004208,-0.00547551434544705,0.00200418542393588
"20200123_M4_D_13_38_50_0002",-0.0150652031176029,-0.0892721444494583,0.0357801421899655,-0.0085298683789591,0.0128484783909505,0.00391784737285208,-0.0206774436475037,0.000498226361017056,0.0124802531277112,0.00103630826055985,-0.00888525332098239,-0.000736953803684593,-0.0145791077398799,-0.00667340554584425,-0.00706606028872285,-0.00232622900440053
"20200123_M4_D_13_38_50_0004",-0.0342536852849867,-0.0871814892838999,0.0468551656824907,0.00918397168020827,0.0202944571030378,0.0200087563786607,-0.0192355693016669,0.00338505839439151,0.0113245337800996,-0.0152591964944784,0.0198336617328672,-0.00257668980328842,-0.0209683655659003,0.00209097632362736,0.00542930858961087,-0.00960203731247142
"20200123_M4_D_13_38_50_0006",-0.0651096424186442,-0.0746403517186936,0.0173077193071502,0.00964463971392195,-0.00571664812570996,0.0233238330927419,-0.00704650541342944,0.0175513389059998,0.0200031924060403,0.0155200843592774,0.00753020130833145,-0.00742336778909573,0.0137170758975422,0.000534649615514426,-0.00503306018453213,-0.0125011134461776
"20200123_M4_D_13_38_50_0008",-0.04133187973314,-0.101247046056503,0.00325907897000161,-0.0228777269947239,-5.76266768103489e-05,0.0181630378147199,-0.0200027716599459,-0.0189174904805041,0.00615757121087851,-0.000277914192141227,-0.00977619543664686,-0.00474676164896709,0.00441909207986101,-0.010259252245094,0.00764048618447589,-0.000869966266967993
"20200123_M4_D_13_38_50_0010",-0.017940933985843,-0.120938123982658,0.0610905080107036,-0.0233109806092806,-0.00466101691839262,0.010720795437638,-0.00799494201797077,-0.0236113225981939,-0.00936382110482501,-0.00365123212346386,0.0059190995214216,-0.00450291709147126,-0.00311290548455132,-0.00819797517164732,-0.00457573209236881,0.0111930506331948
"20200123_M4_D_13_38_50_0012",-0.0153307411878519,-0.109087761227135,0.0322027799194957,-0.0256681443281614,0.00966840814364384,0.0152342891279669,0.00274647367564575,-0.0362087430414755,-0.00108432828549024,-0.00891198365557233,0.0167326574032331,0.0173608112063587,0.00962095491398949,0.00528092005304857,-0.00331295309209118,-0.000416829559902145
"20200123_M4_E_13_53_17_0002",-0.0617827869673097,-0.0809751854735794,-0.0101795054854104,0.0091708013160897,0.0235519414013237,0.0313007707574376,-0.00898200739120388,0.00161155878387034,-0.00105585175377374,0.0146115562749756,-0.0112158928358053,-0.000875237110695675,-0.00237069845357284,0.00643254912908639,-0.000357089482622607,0.00999383939137279
"20200123_M4_E_13_53_17_0004",0.0141198025174121,0.0369089648817826,0.0150087364923786,0.0113887939133602,0.0480681328291664,-0.0121293695653134,-0.00210115361675504,-0.0093059357033461,0.0107680416627114,-0.0167651603825784,-0.00252463605532414,0.0288678077632521,0.0232592926276216,0.022652403131231,0.0101604077505859,-0.00307567608744061
"20200123_M4_E_13_53_17_0006",-0.0855859491173554,-0.0684555893652715,0.0328522129561089,0.00210780327279025,-0.0197804120466846,0.0099237274505865,-0.0221408042275535,-0.00401156168085924,-0.0155497510473994,-0.00651998930887433,0.00802947692696774,-0.00554787091443171,0.0117713381338765,-0.00409589629899554,-0.007354788657434,0.025145526261798
"20200123_M4_E_13_53_17_0008",-0.00255490073444974,-0.0736838320362734,0.0154097772331464,0.000597384336198017,0.0377727000335957,-0.0143143772714612,-0.0264835124172773,-0.0332787416670762,0.00708245827020643,-0.00372262240959968,-0.00570981118040477,0.00396683518751453,-0.0120599416511554,-0.00211177183129252,0.0104880568187082,-0.00199699727637029
"20200123_M4_E_13_53_17_0010",-0.0543801114348021,0.050894636449773,0.0299370877922856,-0.0168477104529573,0.0425456025383181,0.015060479409497,-0.0318947143798644,0.0125283088981732,0.000133913347052742,0.0332315107739878,0.00467071168776264,-0.0110587341650934,0.0129225974080836,-0.00588141973233521,-0.000144454113990831,0.0074994401045276
"20200123_M4_E_13_53_17_0012",-0.040951294457296,-0.0684940461692101,0.0218959553614778,-0.00125988035968609,0.0169407671213283,0.00730647417632943,-0.0111831607191587,-0.00167878541109241,0.0119182981487033,-0.0157528728284416,-0.0047167288628899,-0.00306462156107746,-0.00548348380344162,0.00850505774142302,0.00588546517294601,0.00282637322724738
"20200123_M4_E_13_53_17_0014",-0.0357423184919276,-0.0770513786736113,0.0363077530277381,-0.000323184726096701,0.0206555606088721,0.00585541236038062,-0.0121036928579918,0.0112339754326779,0.00641659534131662,0.00698821943368723,-0.00181317587482877,-0.0014595440842964,0.00432276002604022,0.00149463264998512,-0.00471014845097881,-0.00577753144737814
"20200123_M4_E_13_53_17_0016",-0.0129217353217136,-0.0602488489669105,-0.0215551848514153,0.0113821822491458,0.00842660457797909,-0.00119243597130143,-0.0210453940703158,-0.0380562989288549,0.00761204002321826,-0.00941730142757827,0.00661647043307634,-0.00278914272219148,-0.0111542487155969,0.00237274943813905,0.00326903842504225,0.00802467204767194
"20200123_M4_E_13_53_17_0018",-0.0277658748452458,-0.0644714535772284,-0.0042774257486535,0.00088130791825101,0.027720594699715,-0.0122094179541951,-0.018137371775868,-0.0251876117144068,-0.00976540596052364,-0.0084184760404932,-0.0140374473914711,0.00961742720973035,0.00211884072912614,-0.00791902724060802,-0.0075191478799939,0.011529201396182
"20200123_M4_E_13_53_17_0020",-0.0417206655385188,-0.0512880098336124,0.0193872752088422,0.00612604522204549,0.0174237316077726,0.0228076356424634,0.00905604885839094,0.00418601325710761,0.0168794591536112,0.00563526640290165,-0.0100130455874585,0.000434480964329455,0.00707428558061346,0.0168875358214594,-0.0108365617245403,-0.00207341864930733
"20200123_M4_F_14_04_26_0002",-0.0460503566933563,-0.118307577214937,0.0243688623737449,-0.00226256962006108,0.0171627176040485,-0.000618592873014544,-0.0212811136107104,-0.0134544886908761,0.00170615874223525,0.00229538707258638,-0.0017884631459142,-0.00258593115134722,-0.0129917222371621,-0.00842942991419219,-0.00337580942909307,0.00133009730139567
"20200123_M4_F_14_04_26_0004",-0.0183052146470348,-0.0734772067107424,0.00362216316531079,0.00928497575156553,0.0164468991822309,-0.00623138754034931,-0.00873680723103758,-0.03506285777125,0.00684263272421787,-0.00983073484363802,0.0028410818749233,0.0028340386483274,0.00810750132540839,0.00882236632981192,-0.00340190553750113,-0.00409834396762671
"20191112_MA_A_tibia_derecha0002",-0.0864630728740831,-0.030346615639156,-0.0145149939305766,0.000856177793468928,-0.0246826298359867,0.0143650779025894,0.0038650863263932,0.00284801260167255,-0.00880676787129211,-0.00110001765533813,-0.00262749364859179,0.00422637726230485,-0.00122687260796152,0.00237025820640045,-0.00645395477477136,0.00437419104086885
"20191112_MA_A_tibia_derecha0004",-0.0740601768193406,-0.0447522390543344,-0.0291067129299767,-0.00602663067863161,-0.0271184084267869,-0.00213813131312812,0.0084442807592574,-0.00240645326203592,-0.00872533335586928,0.00576103531217816,0.00482871227108725,0.00659501070724343,0.00185245080966998,0.00305532860647007,-0.00339595533640602,0.00593413870130901
"20191112_MA_A_tibia_derecha0006",-0.0913705798621065,0.00554187900597457,-0.0272488037689129,-0.010081545527785,-0.0197661981429853,-0.00915323496159354,-0.00969032466023475,0.00210474666077425,0.00766677318845932,-0.0058659228390336,-0.00504514218762365,0.0117740392574777,-0.00984585759833214,-0.00910981676088991,0.0108819131096132,0.00336409588298718
"20191112_MA_B_tibia_derecha0008",-0.0811047147726765,-0.0444677409714197,-0.0194989746311991,-0.00515631358760229,-0.0433429457683257,0.00706151152986218,0.00146331767508403,-0.00207215975263149,0.00356781208999167,0.00789966001372784,0.00266178432963039,0.0118245912882775,-0.000873756803643647,0.00588156805793474,-0.00265615075315618,-0.00194696052148345
"20191112_MA_C_tibia_derecha0002",-0.0725865913841452,-0.00395885726950449,-0.0134016982753665,0.0166891435612303,-0.0354975792990706,-0.00528763577268836,0.00393259312570399,-0.00265273402908357,0.013074557362848,0.0138987340988243,0.00319085377195715,0.00332407123676567,-0.000835836148241254,0.00415491290322957,-0.00201629140989977,-0.00504904966731904
"20191112_MA_D_tibia_derecha0004",-0.0823443096937525,-0.0414409877668265,-0.0213643380085535,-0.00807703187343699,-0.0295016765176914,-0.00862543475924109,-0.00799253809526427,0.00671162225822256,0.0105488936568627,0.00761237393932883,-0.0150375889206892,-0.000114282053500846,0.005799781864262,-0.00678889169583411,-0.00540881793185967,-0.0060304555188226
"20191112_MA_E_tibia_derecha0006",-0.0869178913019185,-0.0377433725518964,-0.0377832643677268,0.00123920478035446,-0.0229837174868244,-0.022973954917636,-0.0125782835296607,0.00989757031190341,-0.0091671280849178,-0.00215201619787906,-0.0134755249086547,-0.00216179159724074,0.00504293960153025,0.00692263108416874,-1.02576352008928e-05,-0.00370157234201723
"20191112_MA_F_tibia_derecha0008",-0.0664471352031955,-0.0426343610583929,-0.0121273038381817,-0.00584298380846988,-0.0328553370702088,-0.000995609036237284,-0.00588480758956793,-0.000612998159465273,-0.000521313628924701,0.0178016931739986,-0.0013930146160517,0.0102242319912098,0.00421141863080536,0.00352028410502545,-0.000371173882814844,-0.00348194706881892
"20191112_MA_G_tibia_derecha0010",-0.0731503549283569,0.00309599577289417,-0.0295479014009098,-0.0165681615843072,-0.038361245645617,0.0099755413500022,0.0480947704452414,-0.00106010568210893,-0.0199460774965786,-0.0013062436462174,0.00942366188613886,0.0105738536291595,-0.0132073804538451,-0.00165977042519471,0.0065387420287767,0.00490547901306614
"20191112_MA_H_tibia_derecha0002",-0.0826490131006421,-0.0430434185646073,-0.0144074886498487,-0.00165116487295568,-0.0269855504488658,-0.0181134622080949,0.00749893768144348,-0.0173205351538568,0.00790675280535243,0.0121327826484937,0.0146693612490186,0.000536340986665738,-0.00229483624638273,0.00544204870429323,0.00364146885649288,-0.0145150985644085
"20191113_MV_A001_tibia__09_35_30_0028",-0.0813158513870837,0.0189552291766997,-0.0312314182518251,-0.0011582549217934,-0.0153420596089867,-0.00198115814428264,-0.00228899886182961,-0.0063966061230343,0.00530949129479297,0.0131607825748812,0.00789732735701616,0.0101793513624345,0.00342242842533254,0.0109340177998329,0.00744795392726182,-0.00314763755321195
"20191113_MV_A003_tibia__09_35_30_0030",-0.0974129122331006,-0.0197249117228368,-0.0286059159965852,-0.00351043396117006,-0.0156220502261432,-0.023052614586925,0.00465840927919624,-0.0109766184652929,0.00825446504437605,-0.00069800396644518,0.00577762402619858,0.00257461191953282,0.000694463935299966,0.00841327772292425,-0.0082159142454764,0.0041764990100131
"20191113_MV_A004_tibia__09_35_30_0032",-0.0344216661331635,0.0302258705427223,-0.0275324036722549,-0.0153680855783249,0.00965343255072118,-0.003703367065798,0.0264334821656926,-0.0282359647408392,0.0235615421318848,-0.000542410525873604,0.0113071774229458,0.0212825008560421,0.00580647635642848,-0.00494468732945728,-0.0012682783442916,-0.00180890907834214
"20191113_MV_A004_tibia__09_35_30_0034",-0.0982219513549051,0.0162936541036371,-0.0321099576720459,0.0127614190337946,-0.0126957085076434,-0.00793887859254979,0.00909467627510701,-0.0208405695121992,-0.00484659663392733,0.00274961914520219,-0.000813028621017177,0.00636467303054896,0.014728808505668,0.000874698937829862,0.00205552431595551,-0.000600072728828956
"20191113_MV_A004_tibia__09_35_30_0036",-0.0868744322357238,-0.00585179919887365,-0.00759885631868017,0.00138584646640653,-0.011159799452355,-0.00760118971580345,0.00217195808161499,0.00348665231099282,-0.00572618203487139,-0.0017667931992137,0.0118174482162822,0.00823721276018903,0.000245962660992165,0.0111390249909603,0.00592941110224237,0.00946367741403741
"20191113_MV_A_tibia_0002",-0.0603935703994361,0.0201429369746268,-0.0385728114981131,-0.00140437290187849,-0.0170977642865008,0.0203441673252949,0.0283331248035746,-0.0113673786882818,0.00846676814834386,0.0123484022596464,-0.00334865998209801,0.00995645555898447,-0.00602040992325523,0.00482308855967017,-0.00671578732195128,-0.00303845292172243
"20191113_MV_A_tibia_0004",-0.0954413076955804,-0.00913479846070863,-0.00500728861533936,-0.00735455529315396,-0.0118025836291415,-0.0277126356850986,0.00771187445634782,0.0181915996509516,0.00580751975143327,0.00905611105852662,-0.00207678109767769,0.00517085463787878,0.00470900981521579,-0.000746454642608094,0.00119034985170614,-0.0011093436583875
"20191113_MV_A_tibia_0006",-0.085041294468693,0.00473344256955664,-0.0346449151990696,-0.00764702646001381,-0.00202646606222347,-0.0288012932865082,0.0182204541001977,-0.00424108086170388,-0.00493953369574164,0.00949395779018153,0.0107058357173515,0.00621234035896723,0.00891215190933177,0.00139277158067524,0.0111505631991578,-0.000460067496570725
"20191113_MV_A_tibia_0008",-0.0632091512676745,-0.00312155409289005,-0.00919186493746287,0.00837333192154544,0.00535925312156839,0.00710263038277546,0.00486356714209855,-0.0123221569128644,0.00431782647835585,0.00616796274318149,0.0164809250804822,0.00847539670427314,-0.0109031771073361,0.00707096426250804,-0.00467854318394702,-0.00583680838156429
"20191113_MV_A_tibia_0010",-0.0685329086110803,0.00566270705125008,-0.0292392869002429,0.00788614277865207,0.0118598850065762,0.00183221118463423,-0.00500615962278538,-0.00158302433199251,0.0154415553484657,0.00253519163911746,0.00582054817008888,0.0118183813026618,-0.00753520112023248,0.00728907682293993,0.00677699528976643,0.00416088720590431
"20200120_MV_humb_10_14_19_0002",-0.0894808032047947,-0.0188990999334291,-0.0554207131545713,0.0165125155011827,0.027890825264992,0.00409518422985647,0.0194657955725056,-0.0132411156540082,-0.0119058117718841,-0.0177238987404653,-0.00434171360516174,-0.00246629092814915,0.00604230215222992,-0.00789883633819874,-0.00317100412671585,0.00240993430079625
"20200120_MV_humb_10_14_19_0004",-0.0598100063519008,-0.0554088576305143,0.00351466968812254,-0.0141846427527846,-0.0075460292097401,-0.0161483223919019,0.0159079369661194,0.0168356318121968,0.000728963360347592,0.011858924889242,0.00735066506888816,0.00949874228847735,-0.00247050002375077,-0.010811627840543,0.00043785532189038,0.0042554572738769
"20200120_MV_humb_10_14_19_0006",-0.0525816063082385,-0.026609110698297,-0.0438206121656239,0.00250302303115598,-0.0096453972557917,0.0299143180595826,0.0248305994807545,-0.0186596206501871,0.00642090879989741,0.00954979908335465,-0.00186084315725929,0.00267244413931806,0.000721400256522372,0.00979903577459337,-0.00244129285403092,0.000200530679556453
"20200120_MV_humb_10_14_19_0008",-0.079195687864315,-0.00964534631820189,-0.0386356398944656,-0.00681606790969662,-0.00454494634545274,-0.00465276587691718,0.0257279777788028,-0.00860819276112873,-0.00491013289043228,0.0142560655804367,-0.00181916608293737,0.00130841078632621,0.000530500931017351,-0.00104219899533081,0.00232646173370911,-0.00590856724992607
"20200120_MV_humb_10_14_19_0010",-0.0851508048083762,-0.0368216344281099,-0.040105063043637,0.00987104429156201,-0.00606544376721604,-0.017664161779356,0.00443380216453437,-0.00245515639338492,0.00427617206608646,0.00528398299008617,0.00607209024837042,-0.0073696693563773,0.0150991475671137,0.00833513235188451,-0.00495152753021693,0.00531006752409863
"20200120_MV_humb_10_14_19_0012",-0.0784869836346153,-0.0169891089419355,-0.0321363600020042,-0.00930472751307722,0.00338863624276426,-0.00682515332267095,0.00931524128837294,-0.0026879871981979,0.00162859384683204,-0.00760448126598981,-0.00804139050718793,0.00632277856196011,-0.00389309376667453,-0.00169737747830288,-0.000656204102354834,-0.00115189010753642
"20200120_MV_humb_10_14_19_0014",-0.0799086527128337,-0.0413365847115299,-0.0384895210179183,0.000713144935850894,-0.0245820473869044,-0.00338488601121048,-5.70270910707146e-06,0.0151884836386079,0.00755871588930363,0.0158890404202585,-0.00299134905506881,0.00629648606887177,0.0023039134150953,-0.00411572699308071,-0.00346351622380092,-0.00187169891899336
"20200120_MV_humb_10_14_19_0016",-0.0846391712844367,-0.0134198361303813,-0.0667521099359286,-0.00595206210374384,0.00772104989014668,-0.0048116647500289,-0.00714255626107675,-0.0122810587364309,-0.00294453931969745,-0.00583587103281026,0.00890870348180052,-0.0245890346527462,0.00497536754165207,-0.00350788051965518,0.00687786273154533,-0.00143162567628531
"20200120_MV_humb_10_14_19_0018",-0.0808791247706378,-0.0430033014283142,-0.0327948586040093,0.0118122924195918,-0.0156817142863399,0.00836216186916668,-0.00252016213610479,0.0114385449388089,-0.000587418960662341,0.00954025584592555,0.00442847447941754,0.0054600490195624,0.00471831929853238,0.00461790040209934,0.00292538344496265,0.0079227248381967
"20200120_MV_humb_10_14_19_0020",-0.0801987087023361,-0.0347443408387271,-0.0455662606884486,-0.0031725253370602,-0.00904731646504682,0.0207688260930647,0.00844264243613718,-0.0310753284729909,-0.0146555390581172,-0.00228346468456486,0.0023193516620246,-0.0153759817500492,0.00206308266366369,-0.00579834959647208,0.0100278019291774,-0.00380210639726468
"20200120_MJ_A009_protibia_16_32_44_0002",-0.107152371150038,0.0211400306863006,-0.033221290633896,-0.00540328680434196,0.0186076088260535,-0.0224687927594085,-0.00396404873458988,0.00449505713135578,-0.0147175583993505,-0.00589923083698918,-0.0183912571475907,0.0102883976154308,0.0125334390563295,-0.00199466637464183,-0.00816513045745442,-0.0059103196432596
"20200120_MJ_A009_protibia_16_32_44_0004",-0.0766029799424681,0.00255726152830345,-0.0402767537186632,-0.0272686982810728,-0.0349952708623343,-0.0333548976944865,0.0146497202644835,-0.00420376856988322,0.0116768799695323,-0.00902360662239796,-0.0196558952739805,0.00423353940571177,0.0076495578415994,-0.00445503816156474,-0.0200193230508255,0.00467076982603414
"20200120_MJ_A010_protibia_16_37_47_0002",-0.107704681085675,-0.00714351625318677,-0.0336230162289048,-0.000102619017820112,0.0266799151432736,-0.0168362285949256,0.0188219689355934,0.00333634895052127,-0.000159490911149104,0.00842706376792328,0.00125065815815654,-0.0135150522420186,-0.00701823479883405,0.000722045514729744,0.00108862805474661,0.00559298456265795
"20200120_MJ_A010_protibia_16_37_47_0004",-0.0938558283935743,0.00809289630736229,-0.0140292203217328,-0.0102229813344845,0.020922333159595,-0.0269737767848305,0.00638734069146391,-0.00236254779868684,-0.0208866139219272,-0.0255981497728371,-0.0020741857176061,0.0018080171659895,0.00758728857915837,0.00646944070814114,0.0178980550108916,0.00124323366089301
"20200120_MJ_A010_protibia_16_37_47_0006",-0.135378208239768,0.0203297503830354,-0.0685768131289177,0.00948176477895655,0.0179957374817847,-0.0163823159922013,0.0127011995787313,-0.00228356828506146,0.00250007095586006,0.000628256115089987,-0.00369194906758505,-0.0103719751392245,-0.0100752429240389,-0.0167158166122884,0.00249127716772481,0.00250086722938412
"20200120_MJ_A010_protibia_16_37_47_0008",-0.130190886212792,0.00345449243704966,-0.0415356775554873,0.0125268191370692,0.00368942742780379,-0.0249130500014481,0.0286755122100444,0.00249818589124017,-0.00510741644180962,-0.00516761484071393,0.00472846470510862,-0.00438913959372927,0.00202113326819483,-0.0124697221500986,-0.00515343377986633,0.00838062029582638
"20200120_MJ_A010_protibia_16_37_47_0010",-0.0942125769200942,-0.0155619706826485,-0.0435397412142154,-0.00743376961820098,0.00760197546752973,0.0157831695294239,0.0050413917643415,-0.00568277406238843,-0.00966596190626455,-0.00506096738190136,-0.00473155789997809,-0.00555704863453639,-0.00488587544684606,-0.00246665609812799,-0.00487854317625391,-0.0091641314244032
"20200120_MJ_A010_protibia_16_37_47_0012",-0.106282403185474,-0.00306981205200743,-0.0319889444728437,-0.0207273434884124,-0.012755195478813,-0.0199822005244699,0.0180625723128899,-0.00621718444019662,-0.00203185193596986,0.0105718752064814,0.0027833034976403,-0.00330676404507918,-0.00674802329566627,-0.0102336986113474,-0.00386609253888101,0.00125864627944554
"20200120_MJ_A010_protibia_16_37_47_0014",-0.0712434581259891,0.037527572534012,-0.00331726136748103,-0.0245316824435274,0.0281069325126869,0.0178704947714659,-0.00107190007203917,0.0315431200313747,-0.0130099376115669,0.00636758970074235,-0.00753887387475191,0.00196511726088244,0.00634659244317291,0.0037943009275362,0.00340080842562323,0.000171054635381842
"20200120_MJ_A010_protibia_16_37_47_0016",-0.100690920149475,-0.00874786748729583,-0.0423766205719735,-0.0244345899008617,0.0151198667591353,-0.00946817578648462,0.0118130840170581,-0.00224321369853695,-0.00663165664330447,0.00417957009723841,-0.00558186055930777,-0.00663913808120136,-0.00124400730551932,-0.00457885656356913,-0.00429857292751316,0.000392127280235021
"20200121_MJ_A_protibia_10_52_26_0002",-0.0874443596961753,0.0288666665734834,-0.00936672294534713,0.00599497387564412,0.0484672613237232,0.0098275761473668,0.0114572222500694,0.00434531088461148,-0.0151036359829293,-0.00243995270850307,-0.0168623448306127,0.00859583147891059,0.0107345522667606,0.00206154816031917,0.00925072507176428,-0.00181622597364316
"20200121_MJ_A_protibia_10_52_26_0004",-0.111735443249557,0.0156572427568555,-0.0301677158037487,0.00165257824475398,-0.00233658371086528,-0.0162567013335216,0.018921019001923,0.00096730216646572,0.00815720951261698,0.00754529033244998,-0.0012484482251874,-0.00293916280022364,-0.00489639610996607,-0.00340929047322673,0.0067836077923226,-0.00325179890187765
"20200121_MJ_A_protibia_10_52_26_0006",-0.115064659543943,0.0023069944263398,-0.0305030201056631,0.0164716886342063,0.0180799492869121,-0.00632272956128179,0.01139291912821,-0.000272937355929752,-0.0127983364717155,0.00201824886042395,-0.00684762541918554,-0.0115461222684158,0.00325840274969825,-2.3210955474436e-05,0.000536781328278292,-0.00815386227510708
"20200121_MJ_A_protibia_10_52_26_0008",-0.0756677423986006,0.0244881696495654,0.00667827124992528,-0.0208225031308887,0.0221745603798119,-0.0246465121607011,0.0275421516845411,4.74736031971925e-05,0.00915005156371726,0.0101329114601785,-0.00443887876827331,0.00626469546560435,-0.00997693420358574,-0.00827168238764075,-0.0153742821836995,0.00724796314623511
"20200121_MJ_A_protibia_10_52_26_0010",-0.0643985299406706,0.00105891656146533,-0.0324963816211405,-0.0468856912539839,0.0163337617952607,0.000160559912279172,0.00940976126726337,-0.00687590498178456,-0.00826346293461469,-0.00230434356498373,-0.0148532347917258,0.0170321569679225,0.00298960585671051,0.000470906050028247,0.00235495832312306,0.0030894751923995
"20200121_MJ_A_protibia_10_52_26_0012",-0.0724959849207913,0.0233611804385317,-0.0339745410396037,-0.0227549010676747,0.0217896477352398,-0.00614182348293458,0.0219751340168041,-0.000422526851964402,0.00846509888617281,0.00792324476576851,0.00700150580791858,-0.00079466285907555,-0.0043630542339399,0.00515057529059384,0.00654468785084078,0.00146088188664233
"20200121_MJ_B_protibia_11_07_25_0002",-0.0687039266757007,0.000436955771321721,-0.039149393447431,-0.0217658249728617,0.0205511281939245,0.00666650010707305,0.0203273314748067,-0.00541596466112663,-0.00749938669367919,0.00241137249661988,-0.0108896211480293,0.0178328222747365,-0.0022512268991068,0.00732373803473726,-0.00736304694744795,0.00315085238943614
"20200121_MJ_B_protibia_11_07_25_0004",-0.125780449596808,-0.0238455201479159,-0.0407780685965195,-0.00958896332828373,0.0314059111857692,-0.0216927323158091,-0.0140001375892161,0.0285420771724888,-0.0243712205745032,-0.0199413771503603,-0.012933608278467,0.00103139200741315,-0.00247764708463216,0.0103438542284415,-0.00778226820309235,0.00246464066511334
"20200121_MJ_B_protibia_11_07_25_0006",-0.0959122901718758,0.00821601690614181,-0.071990781995962,0.0180167456181218,-0.0289590232264697,-0.00210864563369703,0.00868583072049202,-0.0163576401934876,0.0169999870936039,0.00960664028603077,-0.00922468715404608,-0.0264737952904005,-4.58890490482185e-05,0.00460025168556231,0.00406605788237113,-0.00230716632752535
"20200121_MJ_B_protibia_11_07_25_0008",-0.116346278882759,-0.00472859986986268,-0.067019232572319,0.00752861665197265,-0.0228001770981199,0.0263658845021752,-0.0256368078799787,-0.00211200549407613,-0.0158809471758977,0.0109135089766019,-0.0138985763812733,-0.00455447078712172,-0.00274791557541704,0.00422813012234267,0.000213123422534974,-0.0108546608298472
"20200121_MJ_B_protibia_11_07_25_0010",-0.106196990151663,0.0186997309195165,-0.0518538236667065,0.00562993689931936,0.0466082517586126,-0.000895711006349684,0.0205659975464242,-0.000457009873107762,0.00152313351361979,-0.00333094082541163,0.00107115483226538,0.00317914205245816,-0.00768223291566008,-0.0113856060259636,0.0137773783220546,0.00134934204287056
"20200121_MJ_B_protibia_11_07_25_0012",-0.101293712894995,0.00421237748309933,-0.0477514850004081,-0.0025792340460207,0.0298524598364556,0.0162640881227979,0.0252343258369881,0.0220755608051907,0.0066989096746672,0.00494710578069697,-0.0130447774648374,0.00223032278825257,-0.0032225126734821,-0.00357014202760331,0.00274883015466343,0.00311288796755711
"20200121_MJ_B_protibia_11_07_25_0014",-0.118750559489367,-0.0390514945593006,-0.0622821208418548,-0.0236994612025238,-0.00073711061411838,0.016756417854129,-0.00629714293279918,-0.0107069211459086,0.00672819776489291,-0.00174083675286036,-0.0126417439895429,-0.00594941920223123,-0.0120126618786147,-0.00163394422259744,0.00094797128896984,-0.00641496160705279
"20200121_MJ_B_protibia_11_07_25_0016",-0.115312904326339,0.0102704003567167,-0.043363708487408,-0.0107270049526556,0.0115481095628491,0.00292109675142703,-0.0102067996037462,0.00161229470545025,-0.00865770794696476,0.0191133319787769,1.96726077317921e-05,-0.0099436573393065,-0.00428610705307903,-0.00296349957293739,0.00158032236058572,0.00486634912092439
"20200121_MJ_C_protibia_11_39_59_0002",-0.127094281321277,-0.00428137625512018,-0.053057136998137,-0.0162157994329509,-0.00683866526488111,-0.0431277049345341,0.0193806270788714,-0.00843964082050357,-0.00193565068494141,-0.00136772585037751,0.00774910885688061,-0.00760055237229931,-0.00858056916988583,0.00621460330174018,0.00106417845346672,0.00935539797332621
"20200121_MJ_C_protibia_11_39_59_0004",-0.100510320066331,-0.0169024911056123,-0.0584186910116992,-0.0218073993357286,0.0405760335403895,0.00767704180177757,0.024273132259707,0.00112981342495102,-0.00881616414813446,-0.00336148028168233,-0.0239455968273723,-0.0050965159413794,-0.00181848217929635,-0.00141958969791929,0.00678486200990472,-0.00996778721773101
"20200121_MJ_C_protibia_11_39_59_0006",-0.123867933072426,0.00867251059152004,-0.0609378273872027,0.0306892098083429,0.0564284045583666,-0.00250267480948444,0.0114603023958678,0.0127666588461213,-0.00719738253675122,0.0107438140234038,-0.00657727148960325,-0.00974353133694125,-0.00788946669985317,-0.00745320706273819,0.000444254990805422,0.00574026619481121
"20200121_MJ_C_protibia_11_39_59_0008",-0.0775783102419647,-0.0018519356777838,0.00874040088364786,-0.0331756085410463,-0.0034898547474868,0.00686925290792696,-0.0031798010519989,0.00927713997257412,-0.0242574934060563,0.011131835577222,-0.00288795102426268,0.00282926110950243,-0.00166947044037873,-0.0122458607414744,0.0079291817592071,-0.00118514843771822
"20200121_MJ_C_protibia_11_39_59_0010",-0.0635354955131208,0.022890299446476,-0.00661186701593314,-0.00791661006344825,0.0200732530769959,-0.0143321054263566,0.0481402273128984,0.0132268934571969,-0.00684817850505202,0.0145437324664956,0.0259896115541048,-0.00815461326184406,-0.000628926176749479,-0.0057790283117001,-0.0133970027820002,-0.0111298464871535
"20200121_MJ_C_protibia_11_39_59_0012",-0.0625440398559671,-0.0349615096651786,0.0103997546336947,-0.00873019467634104,-0.0249211591236499,0.0124081402873875,-0.0163075836440762,-0.0155921455850479,-0.0192788026580963,0.0168088201347156,-0.0051285259942983,-0.00026661298133196,-0.00294534813837444,0.000839159183364482,0.00740506939164747,-0.00222479301887267
"20191112_MP_A_tibia_derecha0005",-0.00792059044006165,-0.0315404754829654,0.0672475416424287,0.00600477714831329,0.0165542715104837,-0.0120662937800367,0.00899439564049071,0.0127359763280439,-0.00174995280141499,-0.0096578465353541,-0.0100658899469798,-0.000491015718820781,-0.00241631287901112,-0.00375376460265903,-0.00589148677666473,0.00268796436658605
"20191112_MP_A_tibia_derecha0007",-0.00312355942362135,-0.0234411169277259,0.0649278833935841,0.00851936324615332,0.00945666521197416,-0.0183143664440623,0.000934607863201211,-0.00529908554412296,-0.0102549465654909,0.00296847165353106,-0.00475685060540237,-0.0101299149246647,-0.00448636730194861,0.00389722774504333,0.00504877561534497,-0.00207043116566238
"20191112_MP_A_tibia_derecha0009",-0.0401839749351811,-0.0211315443719025,0.0243031003625629,0.0202659388400038,0.00452595497418807,0.00307513784694503,0.00596145976898013,0.0137939440447504,0.0149473685952764,-6.98214515277994e-05,-0.00343045372873961,-0.00866350190440029,0.0040016164637402,-0.00230280309420451,-0.00191045539583044,-0.000843253824626208
"20191112_MP_A_tibia_derecha0011",0.0136201538516486,-0.0359249713862967,0.0850778567314009,-0.00855626783034936,-0.0122101796688662,-0.00117521566351771,-0.012596613466018,0.000944695076396185,0.0178819858766519,0.0082987804223543,0.00173200612261419,-0.00456900377105507,-0.0104320624195045,0.00454102974039898,0.00318114445832688,0.00638996023862341
"20191112_MP_A_tibia_derecha0013",0.000455502562084888,-0.0359552449032895,0.0884312159749441,-0.00559820403508177,-0.0111368696398143,0.0042267429273343,0.00236163839187465,0.0016268751211039,-0.00255175387672206,-0.0052558535259975,0.0012344974821388,-0.00272287186720905,-0.00234390398460319,-0.00251263300418309,0.00597037502223656,0.00393259505850356
"20191112_MP_A_tibia_derecha0015",-0.00670537601042174,-0.0297340468859709,0.0686181847984439,0.00678949005988183,-0.00109494593931683,-0.0114299871721385,0.00523125104522544,0.00310093431604809,-0.00257925549507971,0.00831463948777082,-0.00743174907133447,0.00189258545170801,0.00823918388933615,-0.00401537134942385,-0.00211101298716281,0.0045720220253196
"20191112_MP_A_tibia_derecha0017",0.00577370751039961,-0.0363276590305704,0.0525887718374367,0.0110427768379928,0.0101106817414426,-0.00816519355402557,0.0029306773050279,-0.0082956995930885,0.00330008416628957,-0.00158771120821442,-0.0107954900790869,-0.000211396406037008,-0.00481241842740058,-0.00168165649513614,0.00772252683898142,0.0010859520389105
"20191112_MP_A_tibia_derecha0019",-0.00739666694099062,-0.050319823773785,0.0872342140668164,-0.0130866216165677,-0.00647577382867833,-0.00512579578393915,0.0262205704510674,-0.00730426077150753,-0.00875345113448838,3.57025030501979e-05,0.00198406695909788,0.00586670321072916,-0.00705593973455096,-0.00759096556556629,0.00457083561320314,-0.00192335039535465
"20191112_MP_A_tibia_derecha0021",-0.0193279384866242,-0.0424787355102624,0.0321916056842492,0.0226471594718873,-0.00875383631628136,0.0120457751126971,0.00742863331949709,-0.00790599568786375,0.00727032927732886,0.00485423682810133,0.00124765935294069,-0.00700403296501423,0.00305861383569359,-0.000595250520791439,0.00430203591656955,0.00184914782222263
"20191112_MP_A_tibia_derecha0023",-0.030613756256743,-0.0296386468894632,0.0247151019278818,0.0203596172510087,0.00769693079049765,0.0032478670073325,0.000884083447621659,0.0148597606851493,0.0024307055128571,-0.00147109956426852,-0.00174872845694412,0.000207975060487213,-0.012019339513306,0.00288230726782761,-0.00324576790832402,0.000777987790938573
"20191112_MP_A_tibia_derecha0025",0.0100889078524785,-0.0329944924555423,0.0287790260793966,0.0137764165270295,0.00233118820960465,0.0142354154526699,-0.00689361873866025,-0.0039049521711013,-0.00518406393994762,-0.000851246297435164,0.00233004315607434,-0.00459374696527476,-0.00432498482793525,0.000413222828839968,-0.00296380682245956,0.00151768265417848
"20191112_MP_B_tibia_derecha_0051",-0.0204515338832119,-0.0164796343403563,0.00441719424347085,0.0315260154828668,-0.00353065788799895,-0.0266173357013968,-0.00395604672994632,-0.0156769137825633,0.0165081103979036,-0.00329501718758519,-0.00103357085287575,0.00392669669568558,-0.00817993010852273,-0.00725694477309434,0.00564586180695906,0.00182227361377188
"20191112_MP_B_tibia_derecha_0053",-0.0354141076870513,-0.0086426256958284,0.0223943536877383,0.033336003203158,-0.00162003045821618,-0.0144610119237429,0.000461555391740754,0.01167308266702,-0.00269467782557633,0.0058209668649651,-0.00731371185050219,0.00111077754637658,-0.00239668819024349,-0.0150112920596892,0.00456235962129681,0.00683623377820302
"20191112_MP_B_tibia_derecha_0055",-0.0089793521535707,-0.0252376590542297,0.0209464954796729,0.0257692235907795,-0.0128873463633114,-0.00782457390613342,-0.00869837242954466,-0.0141496842867978,0.0200488056678335,0.000208664845249805,-0.000930143877036837,-0.0025259277923285,-0.00186606143173999,-0.0108987761484359,0.000458206208641293,0.00374297061413197
"20191112_MP_B_tibia_derecha_0057",0.00420744617516509,-0.0360583789591906,0.0935613045942663,0.00109823513219938,0.00550419877125437,-0.0263874775838019,0.00624022417726449,0.011970814856254,-0.00470226695030315,0.00377957233439449,-0.00407614327020446,-0.011582557541638,0.0186430297894121,0.00251335172889174,-0.000349244247515563,0.0134503213815945
"20191112_MP_B_tibia_derecha_0059",0.0322343538542706,-0.0465435108383164,0.0792319619472254,-0.0134032457332135,0.000910996701070517,0.00342643307658641,-0.0114277814975109,-0.0050430387380926,0.00489839392380541,0.0163172769749857,-0.0105069708021852,-0.00229161329430951,-0.00867100684949781,0.00266535166510061,0.00525820725807544,-0.00671628807534686
"20191112_MP_C_tibia_derecha_0002",0.0309959487523474,-0.041905545352385,0.118653678192168,0.00268497604454747,0.0162784863978044,-0.0232933730855901,0.0100798126205029,0.00273250096892943,0.0134109939964943,-0.00235858266014926,0.00339474054009793,0.000742384428148692,-0.00326949272571855,0.00872030504733396,0.00768401214846509,-0.0177551720493324
"20191112_MP_C_tibia_derecha_0004",-0.00358746809162005,-0.0993315437557285,0.0793143322730476,-0.0147908148718196,-0.0315151684274067,0.0427601117454605,0.00814258281129453,-0.00408807867324975,0.00379394893927373,0.0190705465420523,0.00984808660059476,0.00143754073187411,-0.00394279364935386,0.00893846429304375,0.00640151967370873,-0.00756058246100326
"20191112_MP_C_tibia_derecha_0006",-0.00983811844599225,-0.0224371785505882,0.0317208338900614,0.0233214248080492,-0.0246109983235827,-0.00761912716592148,0.00309706076049844,-0.00591388190613107,0.0123603157026064,0.00547067615953472,0.00402366207210314,-0.00216663449158195,0.00213387948285944,-0.0047750531757521,0.00228664751012191,-0.00208051002474865
"20191112_MP_C_tibia_derecha_0008",-0.0197271716034309,-0.0124349742889202,0.0480869877214688,0.0225344463934594,-0.00646383744155226,-0.0235891932872286,-0.0160313322622741,0.0120153003136894,0.0100630109685314,0.00896905778734685,-0.020467209554335,-0.00454227508935071,0.00623094541646751,-0.00332161296060931,0.00450234919661906,-0.00140698143124829
"20191112_MP_C_tibia_derecha_0010",0.0228100607290066,-0.0418827309815806,0.100129424822817,0.00275454821382511,-0.0117164114446115,-0.00131144310745106,-0.00780385310815108,0.0203512363629656,0.0129344321981651,0.0113611691053408,-0.00612633619706978,0.00322389544560675,-0.0099707520526995,-0.00473083938800446,0.00690036058939545,-0.0082575098511374
"20191112_MP_C_tibia_derecha_0012",0.0237761161533139,-0.039955964865481,0.084695359885038,0.00151977412054716,0.0119457080744582,0.0106028100864481,-0.000773198702341613,0.00735181909137843,0.0149515789362887,-0.00254731581153583,-0.00425008168841821,-0.00829472021284281,-0.00597842712964896,0.00114406141355063,-0.00172263332122089,0.00628898144573972
"20191112_MP_C_tibia_derecha_0014",0.0264885421377565,-0.0574874105418401,0.127182742923316,0.0152388576993363,-0.00601119988093467,-0.0126991033436155,-0.00463604968543924,-0.00856176200860556,0.00342643999421019,0.00567250812887702,-0.00610872833548392,-0.00127333343102104,0.00624582800276944,0.00702260662032023,-0.00437667654598285,-0.00066881933020071
"20191112_MP_C_tibia_derecha_0016",0.0205755906316147,-0.0346362534585577,0.0782200100081607,0.003930293426627,0.0029611731925411,-0.0119998283989018,-0.01139797918333,-0.00352751150785758,0.00576129335993783,0.00188186341359358,-0.0159047184325863,0.0163626554311962,0.0135546757617363,-0.00148176221057142,-0.0106576230086342,0.00368167128153875
"20191112_MP_C_tibia_derecha_0018",0.0060079692199912,-0.0439135536241551,0.079615300937672,0.0204570172479375,-0.00915563779919135,-0.0126535035301854,0.00256675861610611,-0.00375372211740056,0.00105700246028814,-0.00325775847184635,-0.0134219616664021,-0.0039311950148573,-0.00801355790621933,-0.00119406267001667,-0.00857397396448105,-0.000461727706324652
"20191112_MP_C_tibia_derecha_0020",0.0275460756837696,-0.0314552452522062,0.0951777516889411,0.00941466230534296,0.000677877475081638,0.00337836968685932,-0.00517857947178681,0.00230163946057183,-0.00695334027723918,0.00295510694372371,0.00139390848876808,-0.0142083516943665,-0.00315601491830321,-0.00669525106097849,0.00582958109102957,0.00142083644284363
"20191112_MP_C_tibia_derecha_0022",0.00125649510684363,-0.0392699278749816,0.0788700086549149,0.00622117895686787,-0.00585441059654822,0.00234940661214223,0.0146202973072479,0.00672222812222849,0.00689046626291442,0.0044587915892104,-0.00551811525218365,0.00514746047518482,-0.00867662772837186,0.00199321586422673,-0.00797183088131783,-0.00733384740571623
"20191112_MP_C_tibia_derecha_0024",-0.0306955212451213,-0.00812964755161502,0.0199299879943792,0.0331288540978317,0.0122361486146757,-0.00480065748286051,-0.00496664763799747,0.0142842130220016,0.0143975684019717,-0.00106547874333744,-0.00708923898524307,-0.00796764022435646,-0.000263694094768128,0.00332979390276331,0.000510590677982591,-0.00386513059932051
"20191112_MP_C_tibia_derecha_0028",-0.0265343908897642,-0.0288152370130065,0.0272654807418183,0.0176231192818911,-0.0145260020532233,0.0250755716547413,0.0133566703780309,-0.00962032100323698,0.00332271840852989,0.00789904125603855,-0.00395860869385616,0.00139754286284272,0.00419930023151222,0.000458867211352846,-0.0020817226256672,-0.000109739559368685
"20191112_MP_C_tibia_derecha_0030",-0.0241990358207902,-0.0151054372293361,0.0491432543220946,0.0327061778712232,0.0207356543381171,-0.0205209414453939,-0.00262682184235827,0.0147964894777192,0.016676375315385,-0.00196637151581743,-0.00775568512834933,-0.00216614542946734,0.00200134659226917,-0.00296699925484195,-0.00382543059871222,-0.00471536670213232
"20191114_MC_A002_tibia_12_10_39_0002",-0.066571274773599,0.00504661614487152,-0.0720049832579787,0.0218726148391771,-0.00968861272818271,0.0100535389436734,-0.0620286207291157,-0.00303999740453643,-0.0190469325757593,0.0197366853618096,0.00858695998110998,-0.0172733871464544,-0.000838539024511608,0.00944151964652015,-0.00177789336813247,-0.00411851072518686
"20191114_MC_A002_tibia_12_10_39_0004",-0.045672535325444,0.0313680258743068,0.00399711879505514,-0.0269053865490185,-0.0235338914441739,-0.00991518516511865,0.00566456153066011,0.00831450463895833,0.0269416718176042,0.0115813510311765,0.033071332681551,0.0111090123363184,-0.00368986504589757,-0.00125788666945528,-0.00212345841431534,0.00231276574149405
"20191114_MC_A002_tibia_12_10_39_0006",-0.0668170798382803,-0.0411424273849585,-0.012064904487537,-0.0209838760160925,-0.00156111196999886,0.0127943424551466,0.000860282883307124,0.0251109477065007,-0.000356084795583337,-0.000557566913844681,0.00341322814333572,-0.00630948685645422,-0.00747907912572614,-0.0151997097151799,-0.00794565541507852,-0.00302419319627262
"20191114_MC_A002_tibia_12_10_39_0008",-0.0804324534285461,-0.0526673796382155,-0.0201145578162546,-0.0121445928477805,-0.0110760098279324,0.00107284399683564,-0.00463912266211215,0.0160887541217246,0.00604414847008125,0.00451179914613403,0.00713709946362554,0.00210173687798831,0.00566981048810011,-0.00145150861549774,0.00312794506319073,-0.00363378355251864
"20191114_MC_A002_tibia_12_10_39_0010",-0.0209239607029217,-0.060665350101499,0.0475091882807015,-0.0388538395181063,-0.0265736201004294,0.0421133581722091,-0.00992633226923466,-0.000779426847843084,-0.0102687288684348,0.00927833411701674,-0.0214312626027938,0.0147859318580138,-0.00287253236461763,-0.00362458475634064,-0.00973738853849123,-0.00107879950587738
"20191114_MC_A002_tibia_12_10_39_0012",-0.0722813873503099,-0.042602922197416,-0.00403164264176845,-0.0189671169972677,-0.0234665472200505,0.0290744110824839,-0.0139090599293047,-0.000498203765793705,-0.00978133148784139,-0.00404820557408349,0.0111727197695601,0.00966861056067768,-0.0122196814901638,0.00266250121023025,0.00676979073371193,-0.00238271034866564
"20191114_MC_A002_tibia_14_19_37_0002",-0.0490450188438975,0.00719642513582882,-0.0147825327134231,0.00926193094071324,-0.010360130247262,0.0279750929043937,-0.0241407712248852,0.00630759054264783,0.00683398702997835,0.00988355725168962,0.00429526763332391,0.00562486783150172,0.0160504041952142,-0.0235517514796661,0.00413958022502807,-0.0103517659248438
"20191114_MC_A002_tibia_14_19_37_0004",-0.0677284114976872,-0.0184763092658244,0.0282424541024031,-0.00811576122254674,0.0106220455001517,0.00977560406248032,0.00763817136249818,0.0168936295050343,-0.000734236924039271,-0.00264486255949232,0.00681631818933535,0.00425628875837186,0.00595221450383992,-0.0051842636172365,0.0107577096448102,-0.0012294087508213
"20191114_MC_A002_tibia_14_19_37_0006",-0.0953856127721465,-0.0394237844149381,0.0022620605542434,-0.00238800796576935,-0.00625083428987792,0.000738188367958909,-0.00328785591021902,0.0112634129547151,-0.014447550938339,-0.0300806233427912,-0.0164502299860964,-0.0110097627221982,-0.00924526600763812,0.00571586346078695,0.0133908758004952,-0.000781411279462176
"20191114_MC_A002_tibia_14_19_37_0008",-0.0518471930768297,0.00276929264591832,0.0298656162969845,-0.0154900822374042,0.0226475426477828,-0.00224551056236249,0.0231951090380099,0.0275576410168691,0.0121485182827097,0.00126730564966245,0.0124203495119717,0.00434753076343662,0.00496935318998696,-0.00120347393412818,0.00213125339078473,0.00319908513619163
"20191114_MC_A002_tibia_14_19_37_0010",-0.0269014945800657,-0.0466544070662443,0.027602938513994,-0.0241266857524368,-0.00384206260881119,0.0194093955982701,-0.0529070724553895,-0.0104171902446305,-0.00988310606737281,0.0206775625168822,0.000224112479609291,0.0217651623242442,-0.0017148723345357,-0.013371677660528,0.000961537210002927,0.00820406016346548
"20191114_MC_A002_tibia_14_19_37_0012",-0.0745536623215852,-0.0162188091166006,0.00273479659828022,-0.0119898826677776,0.00265804610286103,-0.00945412562874672,0.0153071844382344,0.0193859513752219,0.00701093725456195,-0.00422985164601044,-0.00213399900878989,0.0369116201404803,0.024172222771494,-0.00911055504451374,-0.00159092781664779,-0.00828111232734923
"20191114_MC_A002_tibia_14_19_37_0014",-0.0759795709956711,-0.0444626630121222,-0.00483399235283627,0.00135589673728819,-0.00751310002908856,-0.00480304162553882,-0.0099042383384872,0.0160393913048974,-0.00823802331963952,0.00834032255790094,-0.00455373325341788,-0.00851012588119169,-0.00048650211814654,0.00314454618747934,0.00241745550291719,0.00327226274466809
"20191114_MC_A002_tibia_14_19_37_0016",-0.0472297168516618,-0.0336826160403548,0.0364358110139316,-0.0381849171412563,-0.0152635739334601,-0.00641325193313219,-0.0145367622028814,0.00331125784773061,0.000167714824571267,-0.00599652557614953,0.0064437048154525,0.0139108196136815,0.0133128151235523,-0.00193610662639687,-0.00666897367713414,-0.00386038258137285
"20191114_MC_A002_tibia_14_19_37_0018",-0.0515286886192059,-0.060781072226267,0.000616419457264491,-0.00812645758964294,0.012738547698942,-0.0160921195774259,-0.0189397846523897,0.0142207977983931,-0.0120645688737305,0.0116727317290652,0.00888939599126381,0.0120451849236939,-0.00523632191339847,-0.00266022853564105,7.2756064886403e-05,-0.00706339771022104
"20191114_MC_A003b_tibia_14_19_37_0020",-0.0421838687780098,-0.00953251018936423,0.00085768734837395,-0.0163113474301205,-0.0145578588860533,0.0202190541797696,-0.000542244582416221,-0.00594378191295407,0.00454394717748241,-0.00463856627883783,0.00485858512041951,-0.0114685992929356,0.010090901274818,-0.00513545243656089,-0.00598922015502748,-0.00197503126398284
"20191114_MC_A003b_tibia_14_19_37_0022",-0.0676601522239718,-0.0191111702934071,-0.0433576275449362,-0.00572932509268089,-0.000501656336138992,0.0232196545311634,-0.0172762218183468,0.00120392552346936,-0.000802179343433765,-0.0128082224784612,0.00546369878659207,-0.0013050040131102,0.00820171513760325,-0.0109416447535431,-0.0136771453772315,-0.0105387191133874
"20191114_MC_A003b_tibia_14_19_37_0024",-0.0977006484638771,0.00181685977798073,-0.0546313586156776,0.000499743161442464,-0.0315252508795622,-0.00838365409292307,-0.0302586040583337,0.00120448900822552,-0.0119767401990524,-0.00730454578842467,0.020242975100257,0.00920559572211831,0.00245170867274288,0.00362857689729905,-0.0113982456581959,0.000465099612834192
"20191114_MC_A003b_tibia_14_19_37_0026",-0.0571542175647743,-0.0356191701534132,0.0125748482306766,-0.00548950459699722,-0.0192650500765597,0.0118796101812066,-0.0159336501265439,0.023601972584448,-0.0148857262186964,0.00654001238452061,0.0157267512678976,0.0133963422607578,0.00468926101198735,0.00404975660291236,-0.00166602830618985,0.00698768785519421
"20191114_MC_A003b_tibia_14_19_37_0028",-0.0583225321520064,0.00555208985974241,0.0044995188058486,-0.0186288687636067,0.00225607474029562,-0.0144634009130241,0.0215342373155232,0.00875585990895427,0.0252918216796761,-0.0308858929968483,-0.00638739324177459,-0.00466421116239782,-0.0024266139728002,0.0006303675086795,-0.00208064994393822,-0.0102789032021503
"20191114_MC_A003b_tibia_14_19_37_0030",-0.0999451754558518,-0.0116945456852754,-0.0162622022128332,-0.00728436090274065,0.0199311061290627,-0.00326281019710264,-0.0175809187493957,0.0326497108261367,0.001714586017731,-0.0186864552897419,0.00209221557098101,-0.0122951975041372,-0.00784421528491105,0.00600299974243133,0.00466327561254971,-0.000204096536432098
"20191114_MC_A003b_tibia_14_19_37_0032",-0.0650985456975619,-0.0171355699144004,-0.00597469603784943,-0.0125407834323105,0.0101264526014164,0.0195808158384464,0.0207452467793536,-0.0040546816275068,-0.00238900870044255,-0.00917204264802935,0.0259746081901969,0.00600170867282156,0.013914180022288,-0.0106036956993072,0.0062335169804061,-0.00362056036270862
"20200120_MC_carmen_14_53_49_0002",-0.0818350331861498,-0.0156411063247639,0.0106529646741783,-0.0255996224425275,-0.00815377163851957,0.010073468588189,-0.0068912678278265,0.0478846529075852,0.0161693519953845,-0.00712932620222018,-0.00150232605679787,-0.0229276292998062,0.00293379847379358,-0.00508292824171336,0.00421637304792567,-0.0132905351009367
"20200120_MC_carmen_14_53_49_0004",-0.0961306556187868,-0.00308444564863283,0.0032231362358615,-0.00601053124666283,-0.00852151867287423,0.0045385723223173,-0.0129470837479672,0.0152813037580967,0.0124716822152203,-0.0103302707887539,0.00569000675337612,-0.0190422960262053,0.00122402846164667,-0.0047912994445036,0.00627430943369805,0.00853398493015873
"20200120_MC_carmen_14_53_49_0006",-0.0371265688749017,-0.0104743430885579,-0.0111725762081036,-0.00800962397216193,-0.0174026379928503,0.0376764715147632,0.00422440423001987,-0.0229648358403398,-0.0101626550125507,-0.0267285104089315,-0.00461798350773483,0.0110751972585119,-0.00210955316870161,-0.00807167296711993,0.00111994112908334,0.00831178569011059
"20200120_MC_carmen_14_53_49_0008",-0.0459791125861824,-0.0267945141699854,-0.0110268089125683,-0.00970708099512245,-0.0592057575886913,0.0282980593901616,-0.00739632734281068,0.0126063525585828,-0.00614199333492975,-0.0160006510895416,0.00389003706277443,-0.00277753661885282,-0.00439221229177082,0.00357879460413959,0.00283319678226533,0.00476203969785569
"20200120_MC_carmen_14_53_49_0010",-0.0615066104909046,-0.0535270099725083,0.0216611135744808,-0.0244909461093493,-0.0307612812942737,0.0147132226455645,0.000925387287169401,-0.00328003555448369,-0.0005809935818204,-9.449436476337e-05,0.0122677327326521,-0.00397150933109436,-0.000485337066318134,0.00184991915776165,-0.00137851998966833,-0.0216823307484188
"20200120_MC_carmen_14_53_49_0012",-0.0438873357345641,-0.016729442690801,0.0025600230892658,-0.0191241020413929,-0.0440089209416767,0.026706851099532,-0.00848426604240676,-0.00122298726274609,-0.00196741298726982,-0.0244121565706167,-0.00580420364536142,0.00691197676411383,0.00385042862440859,-0.00470401752227002,-0.00273542538066369,-0.00147652087898005
"20200120_MC_carmen_14_53_49_0014",-0.0830613283385492,-0.0575637556326067,-0.00840360482146325,-0.0142148377955728,-0.00865614629743182,-0.0229478623659944,-0.0150769676861155,-0.00111946600875287,-0.00166887901487138,-0.0125032459687047,0.0115887417662038,-0.000178974492055181,0.00427797527432059,0.0168076144735788,0.0155101167031645,-0.00509109205407641
"20200120_MC_carmen_14_53_49_0016",-0.027404597327465,-0.0398902128153946,0.0175120142453251,-0.0281257262841133,-0.0441887827553934,0.0577720519279956,0.00151890213890587,0.00301560269142095,-0.00363947082412841,-0.027413195328438,-0.00953699352014735,0.0040351607425725,0.00581342308275053,0.00568322740034969,-0.00321268466094518,-0.00112167995546544
"DT=1",0.157428492299944,0.0401531578338754,-0.0182219733739508,-0.0193961295084011,-0.00811013562172053,-0.0108280287052969,0.00838993794818974,-0.0114864441440608,-0.00837845332353269,-0.00922548492580695,0.000819309090426889,-0.0113148315412727,-0.0120921720073495,0.00147149667089707,-0.00694494339177252,0.000153818435339527
"DT=2",0.172278142482761,0.0470726761121043,0.0213619159253626,-0.0385727922053502,0.0182527997314479,-0.00968282591520208,-0.01191678890024,0.0112014966270196,-0.0125767746566281,-2.10635123807359e-05,0.0246452586141313,-0.00313604172233344,8.99409894877451e-05,0.000144900463051429,-0.0057539305491122,-0.00364396482469602
"DT=3",0.175725938608993,0.066338326457618,0.0107612696772378,-0.0244355277958682,0.018109720221195,0.0101570729849276,0.0183260181054856,0.0224661867692262,0.0163597663184803,0.00190890714448217,0.000878923083903672,-0.000370364169641927,-0.00134154042650445,0.00627772818467646,0.00685934548105779,0.00467110133593879
"DT=4",0.160277261148842,0.0703817458460111,-0.0442066228165693,-0.0273580821785554,-0.000291563375335758,0.0209032381345885,-0.0113668445512999,0.00932190768634554,0.00701711111438699,0.00504779119000369,-0.0102141143179133,-0.00200984198368387,0.00905935891721155,0.00266534874919825,0.00603787002705856,0.00459813477111138
"DT=5",0.131589241452391,0.0363792573777964,0.00317843466430323,-0.0339049857819084,-0.00451594174335185,0.000517137629838513,0.00236287072913704,0.00551623290715007,0.00593312406197525,0.0036120721345291,0.00426728436491252,0.00109467985294995,-0.000208379751072554,6.70198132422694e-05,0.0105519397359345,0.00253550589127152
"DT=6",0.186188154782509,0.0652338121024398,-0.0333107114114043,-0.0250409009637526,-0.00976920254953407,0.0141964944750903,0.00745158063453812,-0.00291337823951447,0.0182469777900478,-0.012751154338367,0.00618499428280027,-0.0136789333859041,0.0117138939609971,-0.00359053139686757,0.00710085027786756,0.00293163008742968
"DT=7",0.167043466682607,0.0676493524012037,-0.0132273215808493,-0.020435094479507,-0.0247154918552247,-0.0115341604694596,0.0143816498383677,-0.00811067028921467,0.0191532289540764,-0.00568935764123489,-0.00272346130861455,-0.0114106256196953,0.00146173393605915,-0.00603265034211114,0.00491350845085708,0.00761357538008035
"DT=8",0.155228447126726,0.0370914735520363,-0.0134005002820405,-0.0330320537504252,-0.0162918233046366,-0.0052782375159254,0.0131681352036557,-0.0137046428454109,0.0177463887552891,0.0118977397141993,-0.00815048590471304,0.0073849391566551,-0.0019439219161767,-0.00821494988617102,0.00584286245927544,0.00722187461464042
"DT=9",0.154891405522509,0.0315452391845067,-0.0193619806135685,-0.028980369725618,-0.0270287363183025,-0.00020868233070779,0.00525602122995767,-0.0116457721238041,0.0117807027508224,0.000341103612364208,-0.0126263841531168,0.00194874819873908,-0.00811390869143969,-0.0011177191574839,0.00122863604096007,0.0017290857718217
"DT=10",0.123499943180212,0.0505660839136527,-0.0115274362941839,-0.0177576073357514,-0.00415083963378845,-0.00492967683696151,-0.0126736305480972,-0.0090373939578626,0.00273068620131093,-0.0114194829630099,0.00829886980139562,-0.0145138289585879,0.00350675947540819,-0.00363182718764699,0.00234678253598285,-0.000870935090386406
"DT=11",0.17034362587192,0.0621545575879883,-0.00203989667253987,-0.0333458175929544,-0.014608840917951,0.000476863261193729,-0.00976407113743603,0.00276489254521293,0.00977334977695246,0.00849087913262986,-0.00927184624022756,0.00809565560470504,-0.00517895644273861,-0.00107298673182001,-0.00248446387985929,0.00901144625772072
"DT=12",0.14357827459988,0.0548346183103038,-0.0289925684542651,-0.0135359809464415,-0.00831385663838929,-0.0154749037488186,0.00164784288563567,-0.00671201060674648,0.00731326495178164,-0.00822412963486998,0.00147182548338749,0.00214615964952456,0.00952253566951127,-0.0101911610841786,0.00702703080008319,-0.000866128622779751
"DT=13",0.195453368144571,0.0552280225107546,-0.0064227289897914,-0.0429832631101216,0.0146225634401184,0.0327975991626594,0.00608348104332938,0.0101347444316581,-0.00624178248193299,0.00769810341286246,-0.000375036769750524,0.00224646177276423,-0.00415181135151504,0.00898060782737471,0.0123291064836466,0.0132602316853067
"DT=14",0.149417722997259,0.0546367670210696,-0.0557657453742206,-0.0465352560785116,-0.0189484153513365,0.0256733105313403,0.0297352075183865,0.0168057218513719,0.0114157897647774,-0.0100541786530017,-0.0410114197477253,-0.00526854773980847,-0.00099737865088126,0.0183256155561026,-0.00881651612603282,0.00549227770017603
"DT=15",0.185524063337766,0.0448402282575387,-0.0145285130526199,-0.0511698407958102,0.00865750298986727,0.0119094475624368,-0.00692188715097566,0.000715879335154059,-0.0104710507155277,0.00699954038847295,-0.00150911556767239,-0.00256575388013129,0.0015419221037422,-0.00256081983360113,-5.25715244140653e-05,-0.00726038247682925
"DT=16",0.158568092268629,0.0386766392540171,-0.0161564435176518,-0.0234131385988749,-0.00481540836070773,-0.00198327660333027,-0.00522897819910695,-0.00911256667561134,-0.00545190591586637,-0.000319124176009846,-0.000186796804119264,-0.00779916774771725,0.00134836667329321,0.00203168044691694,-0.00659047811793983,-0.00392956321669038
"DT=17",0.158012431930586,0.0510341090057186,0.00430136135233628,-0.0271882811207768,-0.0208783441202046,-0.00903898837515428,0.00351561694636183,0.000414460231572411,0.00855240344813965,-0.00434416822502887,-0.0035078930234044,-0.000787057563228189,0.00821479903275713,-0.00180981213748691,0.00453281522946639,-0.000473829162847395
"DT=18",0.183523183330214,0.0427883374525392,-0.00879980971247213,-0.0476649533418661,0.0100564849018981,0.0179870187858168,-0.00506420017683757,0.00709519707569202,0.00292896729935001,0.00692816205946046,0.00176003334227799,0.0105914386903772,0.0040325556268545,-0.00126846995964189,-0.00294870958191697,6.26379482047451e-05
"DT=19",0.154979180238805,0.0473728451724437,-0.0154535924272385,-0.0312097691959014,-0.029363598851253,-0.0164979710060178,-0.00854345707031102,-0.0122076829426607,-0.000941707550991071,-0.00210361428651826,-0.0133150498712849,-0.00766610368081104,0.00162485626932903,0.00184085279042139,-0.000107344085847517,0.000248882085742076
"DT=20",0.198318536910347,0.0431075048675204,-0.00790446534180981,-0.0295085751129222,0.00199383438722417,0.0277447259628022,-4.28756393442468e-05,-0.00159001296260296,-0.00126847565443131,-0.00580651490747203,-0.00258813291411213,-0.00635218995476537,0.00411526440088869,-0.00264662023771474,0.00495589932057355,0.00306581231204328
"DT=21",0.15520916781525,0.0507306226338302,-0.0223560957083118,-0.0252163656704461,-0.000904129938818358,0.0165820985031411,-0.00697208855621573,0.00271208608614803,-0.00528381063465243,0.0112406377596168,0.00916311126882757,-0.0201082422855321,0.00583931929377212,0.00573489879195267,-0.001602881881744,-0.000481543667272764
"DT=22",0.18402228541087,0.0274135533044437,0.00399743098678413,-0.0460234088323246,0.004355134353891,0.00773012052615302,-0.00393439414343746,0.00314992972966154,-0.0112944427911804,0.0062343206140699,-0.00256143852669505,-0.00518454550145812,-0.000940908129375831,0.00284567686062976,0.000797446922500427,-0.000584846103834487
"DT=23",0.16672004639205,0.0443367786162085,-0.0139076567596894,-0.0263753005943729,-0.028864441843995,-0.0083345224510925,0.00402340974279472,-0.0198850424259875,-0.00500141524188824,-0.00386967956499504,-0.00845811998788215,-0.00331468346639137,0.00213905822121386,-0.00835334744000188,-0.00340376012867266,0.000285019944258641
"DT=24",0.171942427740157,0.0544228671251261,-0.0359389636761931,-0.027055031878348,0.00274935631827768,0.0156204596490956,-0.00803735869721279,-0.00923367935647352,0.000895187419302588,0.00719983976018581,-0.00154086828085796,-0.00480276665802896,0.0107594304627335,-0.0109611584298046,0.00713167560538325,-0.00680936348006144
"DT=25",0.160804641813668,0.034415437922648,0.00229874349602745,-0.0299499402655936,-0.00266488305782452,-0.018218686922011,0.00678764046871619,0.00358345262739428,0.00675401717293147,-0.00332509857562728,0.00190402052619752,-0.00414693646771994,0.00534567770346588,-0.00451675755003991,-0.00410247530263316,-0.000481792569884658
"DT=26",0.144007133849149,0.0328428344384644,-0.0185318652114227,-0.0219564053909603,-0.0213734496028739,-0.015035768859746,-0.0130939224239246,-0.0200587419713208,-0.00326817250440243,-0.0035518100166439,0.00433578398791017,8.33100357204878e-06,0.00998140027045826,-0.00640405382484479,0.00758896079626292,0.000959875916952552
"DT=27",0.16575079226766,0.0833627829351443,-0.0616914835347023,-0.0104730402004563,0.0123226335458547,0.0197171633547338,0.00172953923742215,0.0187349636793584,0.010904776071058,-0.00714467935179555,-0.0147572977839494,-0.0103466040238419,0.00818451775602379,-0.00487509461302046,-0.000817676168449055,-0.00581315013863428
"DT=28",0.152889786361894,0.0392687168673847,-0.0132967262561033,-0.0404911978260474,-0.0113016319437613,-0.0063524181292199,-0.000919298932860303,-0.0069409941388448,-0.00449015518304169,0.00971118655852109,-0.00199577528683285,-0.00852773020946903,-0.00571816061354859,0.00393757183642258,-0.00471911905114796,-0.00118607837577118
"DT=29",0.135228558460085,0.0404517889011267,-0.00354080815120435,-0.0214774799557406,-0.00451465418721972,-0.0209593146671112,-0.0104372365128908,-0.000329089257905944,0.00168786605127341,0.00736369946181316,0.00683747107100752,-0.00266767565203337,0.00826339357463947,-0.00457121005080696,-0.0010262433614867,0.000383879825859498
"DT=30",0.170071424288813,0.0473747578565498,-0.0206883153139827,-0.0335587820574415,0.000174877868860273,0.0170049069755391,-0.00847300713681972,-0.000644298874397473,0.00408949029152865,-0.00301501069672795,-0.0062627628414515,-0.00457623593967486,0.0029087971858889,0.0031083457548921,-0.000641196993466631,-0.00297422687387509
"ET1",-0.0203836363310161,0.257010116179042,0.0533646299552235,0.0387561459046254,0.0134571603848824,0.0236878559119901,0.0238961410191499,-0.023793295326645,-0.0197296696790742,0.0201819857762062,-0.0079152829391084,-0.00128128968405174,-0.00945835872855988,-0.000978396114924941,-0.00743439194567828,-0.00300704174370624
"ET2",-0.0279454825229433,0.25518315512538,0.0426447558901557,0.0423138294923501,0.0308896473627179,0.0269915842173334,0.0042856772373303,-0.00855886754942154,-0.00185868057001604,-0.000991905311719873,0.0029364113906825,0.00238602556588154,-0.00267787672126202,-0.00897459465202706,-0.00513345159722465,0.000946658934998072
"ET3",0.0224771962478952,0.0395533542052968,0.0952826314708134,0.0340607337363483,-0.0444325238058333,-0.0112023660390623,0.0113023440009582,-0.0175362579606647,-0.0280751643371497,-0.0061964304241488,0.0058305321490334,-0.0181770887551988,0.00544259122906956,-0.00889370208408895,-0.00190908631050139,-0.0118807296553309
"ET4",0.0294581326256624,0.0645004508103054,0.00534629387457859,0.0589715132727081,0.0181215086384546,-0.025769165607271,-0.0171260209994998,-0.0133250552069956,-0.0106131467440377,0.0408913577309231,-0.0101155073116344,-0.00672207172884504,0.0174897803275193,0.0150450272502998,0.00380152335725425,0.00779399384435871
"ET5",-0.0176444751784888,0.284917318095319,0.0675651762129148,0.039729612140724,0.0302577284840826,0.03338080098223,0.00851704098690925,-0.0155922931711548,-0.000292285543019431,0.0081916929133593,0.00460502201344107,0.00419434166430257,-0.00927788721471029,-0.0027059620100954,0.00998556937360823,0.00521087455326918
"ET6",-0.0125209815782148,0.0528885288146918,0.0281095085793828,0.00592188018928286,-0.0353115083017934,0.000690920765383532,0.000449443243732498,0.0161665854437366,-0.0228870286048637,-0.00733604459691017,-0.00815605543563139,-0.00738512745194227,-0.00594301973077785,-0.00121911425648284,0.00486073159628426,0.00261031830321081
"ET7",-0.0344010565604335,0.0262907889381497,-0.0647602776264331,0.0868616255145405,-0.0268815277002552,0.0185135823258209,-0.0111368685620292,0.0247054771437535,0.0220861703432417,0.00594751598539482,0.00164746748426266,0.00061088916890013,-0.0217230868662688,0.000463121865680598,0.000934608797647408,0.0113007293134268
"ET8",0.00333970207621614,0.0692154705518172,-0.00839122520711457,0.044623394794852,-0.0191482852484586,-0.0251027233328003,0.0175957911322016,-0.00891351481862656,-0.0105143441994882,0.0266319574698772,-0.0139578675036776,-0.0112152043251704,0.00242190294915732,0.00778868631942412,0.000253856291380351,0.00465219919824109
"ET9",-0.0924146231259334,0.246595542158119,0.0049955792937105,0.0131715665701784,-0.0248669303613581,-0.0155608079358932,-0.040073280647717,0.00322720401019994,0.0209380313868393,0.00455433772136685,0.000912767863550256,-0.00719931240840391,-0.00187856283412348,0.00155803206485741,-0.00160272862946261,0.00105097097574875
"ET10",0.00420486218555438,0.0470161095908018,0.0141076870011336,-0.00836147790150234,-0.0508035852534531,0.00618760840011073,0.0589918506829935,-0.00740699277048199,-0.00757926308084998,0.00165795441629102,-0.00868301648069658,0.00677514408144238,-0.0169240846466272,0.00221368020244882,0.00755384360361955,-0.00209287523029241
"ET11",-0.0423252315143372,0.0474258606369727,-0.0448045580070746,0.0357173723305821,-0.0101950895417731,-0.0245007767422205,-0.0279395362472379,0.0246309661775007,-0.0138489573794032,0.016446757797306,-0.0023912514598688,0.00732571657472211,0.0104657162191596,0.00746610721279109,0.00115165114296809,-0.00193386732864634
"ET12",0.0273771909573395,0.0445079010743714,0.0819544302033049,0.0320649321171195,-0.0150800597988622,-0.0193254649819927,0.019246348111553,0.00644223680915312,-0.0206046044506474,-0.00846927980250451,0.00986410120091162,-0.00957075566240666,-0.00199497420515805,0.0049278508237388,-0.0093975622267868,-0.0038803938484426
"ET13",0.0394889491209002,0.0848668250572644,0.0737722205715644,0.0367151511877408,-0.0193508575793798,-0.02746997564593,0.035028906563158,0.00560181434334748,-0.0194481411637941,0.000157801565591311,0.00156639876056416,-0.012961912516923,0.0224653807849156,-0.000427874716599443,0.0113068881646253,0.00214181184344125
"ET14",0.0560240474628588,0.0371377983234558,0.0943425611280684,0.0127976474002315,-0.0301390248640245,-0.0216862720572182,0.0178966192317819,-0.0032949371574127,-0.021919440694326,0.014729313279422,-0.0124229471847739,-0.00781552297480529,0.00907918045584842,0.00837336350352982,-4.85834727402942e-06,-0.00585251740726853
"ET15",-0.0181231099331595,0.0202459812060789,-0.0194079180127574,0.0920606096575825,-0.0534833614377249,0.0165139567616828,0.00912135321900663,-0.00738842005840569,0.0281801019028748,-0.0122838436087725,0.00826066442530032,-0.022358297430927,0.00914751645760803,0.00014242394981599,-0.00461250858699377,0.01052125541776
"ET16",-0.0186385552674863,0.263619524013491,0.0340881536589998,0.0303519022374257,0.0183399858359442,0.0253908234860392,0.00967553854066607,0.00382950481177844,0.0125889133890076,0.00107118776886674,-0.00142048864146628,0.000737150793573666,-0.00295286891463456,0.00553502247491296,-0.00355061421800454,-0.00534538199439088
"ET17",-0.0480651707129713,0.261684530806041,-0.000176965153202736,0.0501982634873941,0.0142927474272258,0.019141469165853,-0.0128773514561673,0.00780044825216949,0.00725861378077135,-0.00728816332392265,0.0161312470331273,0.0201974755457755,0.0070842353773331,-0.0116675185115076,-0.0035580283227325,-0.000976758607029641
"ET18",-0.092380273507119,0.221486546785093,0.0155143295540961,-0.0221222983923376,-0.0154309810613538,-0.0132474710184652,-0.0212134942108585,-0.00275915377102077,0.0209735935072222,-0.0077843276284785,0.00344972193084938,0.00341528238876052,-0.00571478604244841,0.00388853594960295,-0.00930158894293194,0.00465940114459945
"ET19",-0.0862171084063078,0.178716333419657,-0.00406608556906621,-0.0134276524615524,-0.0312707584967902,-0.0155858382018036,-0.0141920578282853,-0.00513693251258882,-0.000458587865119089,-0.00675593785232401,0.00017031197578253,-0.00281919688199132,0.00121571733041084,0.00171705790519761,-0.000861541173123268,0.00341225886535148
"ET20",-0.0416750096051949,0.0316053548804162,-0.0362429290324724,0.0128415339972634,-0.000347092606582004,0.0267987376992374,-0.000846036974548768,0.0277096044865711,-0.0130916029779571,-0.0170216891805677,0.00571865430478917,0.00667286932894158,-0.007836435282079,0.00742988403111277,0.00678748883560824,0.00798242751742196
"ET21",0.000282955968063775,0.0378686963933814,0.0316274484633085,0.00349344714473596,-0.0222599055668972,0.00148077269278948,-0.00255614686081888,0.0113759928400571,-0.00887446086310708,-0.00128033481498991,0.00390443415236889,0.00945849103114739,-0.0106223985995447,0.00954939082174113,-0.00655283292857232,0.00703371636139397
"ET22",-0.113946894504595,0.216242640325695,0.0114854949026349,-0.0311273677176013,-0.00651215184988331,-0.0224046261115459,-0.02639849403894,0.000973526956770927,0.00896979060371235,-0.0068659100833834,-0.00471685121364594,0.00865739472974698,-0.000388577692550784,0.00446008607834973,0.00572578771800176,-0.00335744593679966
"ET23",-0.00319387446657088,0.0188462002013907,0.0312650359880387,-0.00413789483242501,-0.0255906908949695,-0.00649531896670792,-0.0165570671426897,0.00416408797454618,-0.0205285191843937,-0.00686406385831258,0.00293553813312973,0.00935996482200716,-0.00342983084285577,0.00489041193626399,0.00649287149028798,0.00609094887173268
"ET24",-0.105437336304862,0.180698340077684,-0.0186377436030079,-0.00121641704149765,-0.0234441946259212,-0.0285697026718319,-0.0379896519715109,0.00647374799002078,0.0141512015129559,-0.0303414946505443,0.00715926778401294,-0.00296784571361198,0.000234071691001975,0.00313101566675603,-0.004140224948407,-0.00330705178678866
"ET25",-0.00185354492814506,0.0367643178824287,0.0604892026789705,-0.0176960551999536,-0.0166798392539389,-0.000903051074241228,0.0086532293845837,-0.0119518363126235,-0.0382129616494544,-0.00544622441827394,0.0121298137207979,0.00485222203948469,-0.00375888000524744,0.00205366821469986,-0.00144845158599455,-0.00154618943934504
"ET26",-0.0960423170698192,0.203054843942358,0.000865587879385669,-0.00186438151620459,0.00162977028137846,0.00208044880589291,-0.00730513948133686,0.00113867682847723,0.00124192228152791,-0.0183447719775342,-0.00549676632033998,0.0056945198648226,-0.000781029151326207,0.00172009188836618,-0.00258568783327576,0.00086260997830485
"ET27",-0.0613387308499974,0.288642897507756,0.0294613876592386,0.0481163340368338,0.0517700573211211,0.0265598673708948,-0.0242830239562397,-0.0117029499642207,-0.0259804503293045,-0.000997559434501111,-0.00361823230036146,0.00235533645770063,-0.00340568187471187,-0.00301716113376264,-0.0097928148437487,-0.00922424602300703
"ET28",-0.113576946843316,0.209284034371292,0.041751339760109,0.00653576154543381,-0.00705610961482757,-0.0350500315972602,-0.0151458273439633,-0.00403083926562558,0.00614479056680372,-0.0203902740448863,0.0181503837501518,0.005289233437822,-0.00674419248146613,0.00523040527431489,-0.00115684418663782,0.0038021812016175
"ET29",0.00610308241352114,0.0190999016067986,0.0620791508967396,-0.0193890564582826,-0.0337449602781248,-0.0217931133896777,0.00400757412755919,0.015707508540895,-0.0166805616284971,-0.00985186944625826,-0.0077044408280882,0.00225542190455927,-0.00993491429852777,0.00602855519677341,-0.00395434854161579,0.00526641066737586
"ET30",-0.0156671341223726,0.265707084329357,0.0698669922128731,0.0344920678412957,0.0320028926198049,0.042804378540233,0.010805956322417,-0.0122222238333189,0.00143783302634408,-0.0033521998124396,0.00202035851386672,0.00717748600528707,-0.00253988579866578,0.00315595403206225,0.00123011105333181,-0.00365600787670709
"OT1",0.105326387624041,-0.019209919705971,0.0113779532301629,-0.0508980443300937,0.0337386333506791,-0.00752043713011023,0.0129956469444923,0.0222196273213531,-0.00792371422728343,-0.00181550938662599,0.0172205156882512,-0.00944143487841942,-0.00453588590561459,-0.00283201416448528,-0.0105268837622694,0.00182474792666757
"OT2",0.120311875785555,-0.0101014818553171,-0.0739506401505246,0.000777273916281072,0.0158084392816708,-0.0162750896308453,-0.0206477196339158,-0.0121942224381733,0.00511698693785542,0.00764169408357509,-0.00119733085979036,-0.00243162025028774,-0.00315128529359873,0.00260446178736962,-0.0123129611477336,-0.00324876196090422
"OT3",0.123961449225626,-0.00748368741701869,-0.0480355623798014,-0.0142899397926527,0.00148358280736119,-0.0194468674897211,-0.00273527204671469,-0.00437927854813166,-0.0023725037706173,0.0163527066973052,0.00177050055507431,0.0107072774462475,-0.00610241250964549,-0.000417993939641282,0.00362614504586009,0.000102101215031523
"OT4",0.17695340443968,-0.044644145980423,-0.00815341264163653,0.0570633083657026,0.00554204237991839,-0.0200225219753192,0.0149553759211821,-0.00600114731652144,-0.00471821942733021,-0.0100777749995889,-0.00699261192784525,0.00668777140096617,-0.00278946745123112,-0.00553398369483396,0.00138033749379388,-0.010232534936824
"OT5",0.1605665981056,-0.0837981349729107,-0.0453524636260312,0.0538980558357254,-0.00821413464159121,0.0132662563043425,-0.00285185367565248,0.0054490794553984,0.00227699304650148,0.0046180366764307,0.00603095613677544,0.0172168796140541,-0.00974278445139821,0.00396050920411665,0.00475379066542821,0.00574790248378454
"OT6",0.124702573684007,-0.0199501765434499,-0.0172898222708579,-0.03379323953306,0.0414798388958418,-0.0137945131591602,-0.00310117304952541,0.012657542013399,-0.0152140653648234,-0.00522618734324733,0.00499572861033024,-0.00317878749523891,-0.0135524027722497,0.00956530669229341,-0.0117202298935237,-0.00339076964650575
"OT7",0.120166347213119,-0.00274802121340281,-0.077990195288282,0.00110113300981645,0.0346203146809688,-0.0266280644777904,-0.0162352032600326,-0.0158638181313481,-0.00204415549151863,0.00717517364963341,0.0102463906685718,-0.00705110180726595,-0.0065870755610071,-0.000112624913646301,-0.00318335386341838,-0.00219864341807227
"OT8",0.127817042711007,-0.0123154848477359,0.0116697772545339,-0.019644020585132,0.0268667946417318,-0.00914421855729634,-0.00419317534689043,0.000761228960599378,-0.0146418652821738,0.00439321502180783,0.00324331443545027,0.0126105041806771,-0.00221135435175976,-0.00328039341768772,0.00514140503306968,-0.00122901100661125
"OT9",0.157804621569598,-0.0665633731206269,-0.0152732090341525,0.0672280712291123,0.0198856650922676,0.0083924349909046,0.0141823845137969,0.0119395351897574,-0.0017159714651778,-0.00223692941462106,0.00924567435338751,0.0151280096981323,-0.00952218040390382,0.00249120212735079,0.00211620531746408,-0.000188249816918568
"OT10",0.136168413817698,-0.00575731379182276,-0.0546910009630995,-0.0174088675370484,0.0293089136732134,0.00941114062761424,-0.00219740586047554,-0.00551030760242244,-0.000165159403450366,0.00278349847531271,0.00660069902575098,0.00061794443991955,-0.00730757018090942,-0.000120302801790939,-0.00297366240371424,-0.00419870861943883
"OT11",0.170542109167049,-0.0826489290551335,-0.045600519936971,0.0597303756839485,-0.0117523276389835,0.0248997676768871,0.00179712065377739,0.00479097233737874,-0.00402836752025084,0.00080688621271586,-0.00898209585276236,5.23012619399084e-05,0.00481640293121939,-0.00186446315108911,0.00756817816865543,0.000677204856582221
"OT12",0.0999466852579848,-0.0456748131536415,-0.024431234406779,-0.0304795895285915,0.00883439068318785,-0.00710304938566166,0.0044232016421576,0.0190279847627171,0.00616451196856696,0.0088260777847749,0.0155669332807919,0.000566476453084965,-0.0112485203617692,0.00669361631011917,-0.000864251183660915,0.00268438816827892
"OT13",0.103371837668281,0.000126444767903292,-0.0707814709768617,-0.00331780695960245,0.016602358377185,-0.00301385234880089,-0.0142603326654781,0.00293388350422314,-0.000737461936626074,0.00653039063318751,0.00290013519459754,3.65435047382013e-05,-0.00103632768541939,0.00430196799431871,0.00455498124827337,-0.00175515726090749
"OT14",0.174762832544643,-0.0622780247974159,-0.034325849888843,0.0636989837305386,-0.00677718847517477,0.0106484482424332,0.0123347829088212,0.0178796748348315,0.0198997403847549,0.00408265125498423,-0.00179827826076595,0.0136905605355878,-0.000713476420250307,-0.00399004173757611,0.000437753891526147,-0.00079557178357136
"OT15",0.12244639731305,0.0171843879230866,-0.0867606306755847,0.00692997956215425,0.0249422392255569,-0.0110430098074099,-0.0229268942944255,0.00527595736679687,-0.000962838076406624,0.0063536484742087,0.000959123969638282,0.00730961140190535,0.00448791777379746,0.00747355300128263,-0.0032904764146719,-0.00110783277625009
"OT16",0.149354837697605,-0.0565788906782566,-0.033256602762749,0.0634187362831902,-0.00561711917263918,-0.0112590332744103,-0.011344048728799,-0.00567130941661961,-0.0080390804829968,-0.0096596166561868,0.00555847136089269,0.0041844691465181,-0.00521292758526946,-0.00282373144256412,-0.00433735443261664,-0.00263912017219793
"OT17",0.153117768476958,-0.0259231688947867,0.01042426022736,-0.0525767063587503,0.0215956505048956,-0.0201470050277145,0.00263104815204722,0.000947774847386906,-0.00327296918181536,-0.00566753360691578,0.0103911212543488,0.0015087957638009,-0.00756974613279496,0.00422185993878629,-0.00274881714924803,-0.00210674524745158
"OT18",0.157943009323838,-0.0514346864330637,-0.00554566339230201,0.0484452009503895,-0.00131709678806675,-0.00105158282162478,0.00848999140721683,0.00132501530410305,-0.00253304663072646,-0.00195123241983869,-0.00515008836237896,-0.00209796239132067,-0.0109285451537416,0.000839259206466663,-0.0112955763451513,-0.00208349159359012
"OT19",0.130110227524301,-0.0232091629583524,-0.00840010052791228,-0.0336725699264028,-0.00138780753464338,-0.0286200173998646,0.0115921229886936,-0.0032055430652255,-0.00384969937135245,0.00144826161454408,0.00456863736832173,0.00167450547612015,-0.00920135324732177,0.00572807830768053,-0.00557298492375527,-0.00768078732502583
"OT20",0.131218673313047,-0.0358997443004732,0.0174362886112977,-0.0332585205279084,0.0181437326565051,-0.0118068015721287,-0.0128068321874305,0.0118868433656656,-0.00920543609645171,-0.000943089905254944,0.0172353699102406,0.00183656110764124,0.00440152131937709,-0.0059830368182077,-0.00206831108757066,0.00274903080361541
"OT21",0.152918831946467,-0.0761528185583497,-0.0264303022201313,0.0653964157352275,0.00201821205125841,-0.00380615127270264,0.00899381802306264,0.0107041393084297,-0.0145115423128665,-0.0108676461378472,0.00960662227091237,0.00437912537875916,0.00518249299447558,0.00352033046296062,0.00165740946497924,-0.00154904713298016
"OT22",0.129875917812771,-0.00322835241461183,-0.0278952534140458,0.00108645213548189,0.00962954023682808,-0.0193452157984881,0.00671344131639059,-0.00556207428409548,-0.0153612823554438,-0.00287138034019501,0.0104567872329966,-0.014497354861315,-0.00234917531076307,-0.00230568158031169,-0.00029836119879332,-0.00171324380391894
"OT23",0.147512059461689,-0.0630313264197452,-0.051431517573711,0.078229376876801,-0.0293055323846532,-0.0135483848429591,-0.0182770603888823,-0.0128752481905183,-0.00697283774346977,-0.00804506466647559,-0.00442772892058578,0.00246882845260772,-0.00459731080039979,0.00273188332455323,-0.00552894128074333,-0.00447277760179242
"OT24",0.129502093604991,-0.0817569027860619,-0.0395038168495524,0.0698410999678096,0.0087300013250614,0.00972713433608869,-0.00825003739615366,0.000310172536118899,-0.00844748873440624,0.000930023477131406,-0.0114955944285541,0.0139322021298589,0.000124343318416969,-0.00200725927806341,-0.00973060849430213,-0.00565580807345559
"OT25",0.130073527287405,-0.065830966227237,-0.0519521088432852,0.0779908361558276,-0.002697658628567,0.00173775222780368,0.0047560686060197,0.0008115485532244,-0.00185808855599993,-0.010495444466332,0.00695033136266854,0.00264688959995729,-0.00109409674106302,-0.00545714613610448,-0.00591620593766062,-0.00187770652051707
"OT26",0.134959662042479,-0.0866753501726761,-0.036883255392105,0.0691673810476485,0.00213545888189115,0.00481851980823506,0.00960129855413923,0.00792841150989647,-0.016128787906837,-0.0117268701719905,0.0109493081059314,-0.00501545358069934,0.0063650996932358,-0.00158486592026731,0.00507850659537824,-0.00428164607170461
"OT27",0.181400605911447,-0.0659326917085228,-0.00184876805417511,0.0448954114811741,0.00369572525830006,-0.0121053431238534,0.0131664713019674,0.0162359826847831,0.0117269875935845,0.00308405142213542,-0.0016337907549021,0.0109804418572028,0.0102662384682969,-0.00182241101327722,0.00194166077245792,0.00851538738729163
"OT28",0.155590594180223,-0.0667675974549365,0.00280658688169423,0.0636798531890063,-0.00323619997491835,0.00952115475774307,-0.00622080134886235,0.0187733834533684,-0.00708542788173382,-0.0125948142175967,-0.000281651452290636,0.00558351057749065,0.00228197254808593,0.000382365707211017,0.007193940677807,-0.00295615818518817
"OT29",0.170503377128378,-0.0655298503215171,-0.0282507673134112,0.0527858305074061,-0.00928219547379409,-0.000563646493204815,-0.000190716088907661,-0.000672145585277024,-0.00349439270510442,-0.0130602365793974,-0.0060387247349306,0.00815181873268738,0.00536293476556389,-0.00390451907953154,0.00538852589737596,-0.000309742978674175
"OT30",0.174306198765535,-0.0506797731462179,0.00441038638503688,0.0338216572329737,0.00680811763256901,-0.0146125923013795,0.00404034494963368,0.0111426445308789,0.00176661111111189,-0.00628214733237706,0.0158336945454876,0.00361588688548614,-0.00692025762815374,-0.00284419560060964,-0.00962894232148,0.00654003114133991
